paperID,authorID,review,decision
20001,10002,Lorem ipsum dolor sit amet,Approved
20001,10003,"sodales semper, tempor malesuada sem leo",Denied
20001,10004,"Vestibulum est ligula turpis maecenas. Id non a enim, varius ut per. Interdum neque cras fermentum erat. Tincidunt imperdiet praesent sit commodo cras",For revision
20002,10003,"�id libero neque id wisi sit, aliquet scelerisque in. Ligula dignissim, turpis cras, nam massa",Approved
20002,10004,"mi nullam wisi, ipsum cras dapibus ut ut. Et libero sollicitudin donec vitae lacus",Approved
20002,10005,"justo eu adipiscing vivamus in mi vitae, elit sed, nisl mattis rutrum malesuada, pharetra dolor amet donec",Denied
20003,10005,"Nunc quisque, odio sollicitudin eu convallis posuere eget, lorem massa etiam est ullamcorper dignissim, augue pellentesque vestibulum quam, amet ipsum in sed.",For revision
20003,10006,"A venenatis neque eget posuere eget, vel natoque sit justo, sit nibh pede porttitor ipsum, sem tincidunt",For revision
20003,10007,"dignissim odio, nulla a",Denied
20004,10011,"Nullam ligula in, maecenas imperdiet in consequat iaculis, magna porttitor sem diam nec",Denied
20004,10012,"mi nisl, ac sed lectus vitae in a dolor. Hac nam ut, sed ut quis, gravida dolor vestibulum",Denied
20004,10013,Lorem ipsum dolor sit amet,For revision
20005,10001,"sodales semper, tempor malesuada sem leo",Denied
20005,10002,"Vestibulum est ligula turpis maecenas. Id non a enim, varius ut per. Interdum neque cras fermentum erat. Tincidunt imperdiet praesent sit commodo cras",Denied
20005,10003,"�id libero neque id wisi sit, aliquet scelerisque in. Ligula dignissim, turpis cras, nam massa",Approved
20006,10009,"mi nullam wisi, ipsum cras dapibus ut ut. Et libero sollicitudin donec vitae lacus",Approved
20006,10010,"justo eu adipiscing vivamus in mi vitae, elit sed, nisl mattis rutrum malesuada, pharetra dolor amet donec",Approved
20006,10011,"Nunc quisque, odio sollicitudin eu convallis posuere eget, lorem massa etiam est ullamcorper dignissim, augue pellentesque vestibulum quam, amet ipsum in sed.",For revision
20007,10002,"A venenatis neque eget posuere eget, vel natoque sit justo, sit nibh pede porttitor ipsum, sem tincidunt",Denied
20007,10003,"dignissim odio, nulla a",Denied
20007,10004,"Nullam ligula in, maecenas imperdiet in consequat iaculis, magna porttitor sem diam nec",Denied
20008,10002,"mi nisl, ac sed lectus vitae in a dolor. Hac nam ut, sed ut quis, gravida dolor vestibulum",Approved
20008,10007,Lorem ipsum dolor sit amet,Approved
20008,10009,"sodales semper, tempor malesuada sem leo",Approved
20009,10011,"Vestibulum est ligula turpis maecenas. Id non a enim, varius ut per. Interdum neque cras fermentum erat. Tincidunt imperdiet praesent sit commodo cras",For revision
20009,10015,"�id libero neque id wisi sit, aliquet scelerisque in. Ligula dignissim, turpis cras, nam massa",Approved
20009,10016,"mi nullam wisi, ipsum cras dapibus ut ut. Et libero sollicitudin donec vitae lacus",For revision
20010,10001,"justo eu adipiscing vivamus in mi vitae, elit sed, nisl mattis rutrum malesuada, pharetra dolor amet donec",For revision
20010,10022,"Nunc quisque, odio sollicitudin eu convallis posuere eget, lorem massa etiam est ullamcorper dignissim, augue pellentesque vestibulum quam, amet ipsum in sed.",Denied
20010,10023,"A venenatis neque eget posuere eget, vel natoque sit justo, sit nibh pede porttitor ipsum, sem tincidunt",For revision
20011,10012,"dignissim odio, nulla a",Approved
20011,10015,"Nullam ligula in, maecenas imperdiet in consequat iaculis, magna porttitor sem diam nec",Denied
20011,10008,"mi nisl, ac sed lectus vitae in a dolor. Hac nam ut, sed ut quis, gravida dolor vestibulum",For revision
20012,10002,Lorem ipsum dolor sit amet,Approved
20012,10003,"sodales semper, tempor malesuada sem leo",Approved
20012,10004,"Vestibulum est ligula turpis maecenas. Id non a enim, varius ut per. Interdum neque cras fermentum erat. Tincidunt imperdiet praesent sit commodo cras",Denied
20013,10003,"�id libero neque id wisi sit, aliquet scelerisque in. Ligula dignissim, turpis cras, nam massa",For revision
20013,10004,"mi nullam wisi, ipsum cras dapibus ut ut. Et libero sollicitudin donec vitae lacus",For revision
20013,10005,"justo eu adipiscing vivamus in mi vitae, elit sed, nisl mattis rutrum malesuada, pharetra dolor amet donec",Denied
20014,10005,"Nunc quisque, odio sollicitudin eu convallis posuere eget, lorem massa etiam est ullamcorper dignissim, augue pellentesque vestibulum quam, amet ipsum in sed.",Denied
20014,10006,"A venenatis neque eget posuere eget, vel natoque sit justo, sit nibh pede porttitor ipsum, sem tincidunt",Denied
20014,10007,"dignissim odio, nulla a",For revision
20015,10011,"Nullam ligula in, maecenas imperdiet in consequat iaculis, magna porttitor sem diam nec",Denied
20015,10012,"mi nisl, ac sed lectus vitae in a dolor. Hac nam ut, sed ut quis, gravida dolor vestibulum",Denied
20015,10013,Lorem ipsum dolor sit amet,Approved
20016,10001,"sodales semper, tempor malesuada sem leo",Approved
20016,10002,"Vestibulum est ligula turpis maecenas. Id non a enim, varius ut per. Interdum neque cras fermentum erat. Tincidunt imperdiet praesent sit commodo cras",Approved
20016,10003,"�id libero neque id wisi sit, aliquet scelerisque in. Ligula dignissim, turpis cras, nam massa",For revision
20017,10009,"mi nullam wisi, ipsum cras dapibus ut ut. Et libero sollicitudin donec vitae lacus",Denied
20017,10010,"justo eu adipiscing vivamus in mi vitae, elit sed, nisl mattis rutrum malesuada, pharetra dolor amet donec",Denied
20017,10011,"Nunc quisque, odio sollicitudin eu convallis posuere eget, lorem massa etiam est ullamcorper dignissim, augue pellentesque vestibulum quam, amet ipsum in sed.",Denied
20018,10002,"A venenatis neque eget posuere eget, vel natoque sit justo, sit nibh pede porttitor ipsum, sem tincidunt",Approved
20018,10003,"dignissim odio, nulla a",Approved
20018,10004,"Nullam ligula in, maecenas imperdiet in consequat iaculis, magna porttitor sem diam nec",Approved
20019,10002,"mi nisl, ac sed lectus vitae in a dolor. Hac nam ut, sed ut quis, gravida dolor vestibulum",For revision
20019,10007,Lorem ipsum dolor sit amet,Approved
20019,10009,"sodales semper, tempor malesuada sem leo",For revision
20020,10011,"Vestibulum est ligula turpis maecenas. Id non a enim, varius ut per. Interdum neque cras fermentum erat. Tincidunt imperdiet praesent sit commodo cras",For revision
20020,10015,"�id libero neque id wisi sit, aliquet scelerisque in. Ligula dignissim, turpis cras, nam massa",Denied
20020,10016,"mi nullam wisi, ipsum cras dapibus ut ut. Et libero sollicitudin donec vitae lacus",For revision
20021,10001,"justo eu adipiscing vivamus in mi vitae, elit sed, nisl mattis rutrum malesuada, pharetra dolor amet donec",Approved
20021,10022,"Nunc quisque, odio sollicitudin eu convallis posuere eget, lorem massa etiam est ullamcorper dignissim, augue pellentesque vestibulum quam, amet ipsum in sed.",Denied
20021,10023,"A venenatis neque eget posuere eget, vel natoque sit justo, sit nibh pede porttitor ipsum, sem tincidunt",For revision
20022,10012,"dignissim odio, nulla a",Approved
20022,10015,"Nullam ligula in, maecenas imperdiet in consequat iaculis, magna porttitor sem diam nec",Approved
20022,10008,"mi nisl, ac sed lectus vitae in a dolor. Hac nam ut, sed ut quis, gravida dolor vestibulum",Denied
20023,10002,Lorem ipsum dolor sit amet,For revision
20023,10003,"sodales semper, tempor malesuada sem leo",For revision
20023,10004,"Vestibulum est ligula turpis maecenas. Id non a enim, varius ut per. Interdum neque cras fermentum erat. Tincidunt imperdiet praesent sit commodo cras",Denied
20024,10003,"�id libero neque id wisi sit, aliquet scelerisque in. Ligula dignissim, turpis cras, nam massa",Denied
20024,10004,"mi nullam wisi, ipsum cras dapibus ut ut. Et libero sollicitudin donec vitae lacus",Denied
20024,10005,"justo eu adipiscing vivamus in mi vitae, elit sed, nisl mattis rutrum malesuada, pharetra dolor amet donec",For revision
20025,10005,"Nunc quisque, odio sollicitudin eu convallis posuere eget, lorem massa etiam est ullamcorper dignissim, augue pellentesque vestibulum quam, amet ipsum in sed.",Denied
20025,10006,"A venenatis neque eget posuere eget, vel natoque sit justo, sit nibh pede porttitor ipsum, sem tincidunt",Denied
20025,10007,"dignissim odio, nulla a",Approved
20026,10011,"Nullam ligula in, maecenas imperdiet in consequat iaculis, magna porttitor sem diam nec",Approved
20026,10012,"mi nisl, ac sed lectus vitae in a dolor. Hac nam ut, sed ut quis, gravida dolor vestibulum",Approved
20026,10013,Lorem ipsum dolor sit amet,For revision
20027,10001,"sodales semper, tempor malesuada sem leo",Denied
20027,10002,"Vestibulum est ligula turpis maecenas. Id non a enim, varius ut per. Interdum neque cras fermentum erat. Tincidunt imperdiet praesent sit commodo cras",Denied
20027,10003,"�id libero neque id wisi sit, aliquet scelerisque in. Ligula dignissim, turpis cras, nam massa",Denied
20028,10009,"mi nullam wisi, ipsum cras dapibus ut ut. Et libero sollicitudin donec vitae lacus",Approved
20028,10010,"justo eu adipiscing vivamus in mi vitae, elit sed, nisl mattis rutrum malesuada, pharetra dolor amet donec",Approved
20028,10011,"Nunc quisque, odio sollicitudin eu convallis posuere eget, lorem massa etiam est ullamcorper dignissim, augue pellentesque vestibulum quam, amet ipsum in sed.",Approved
20029,10002,"A venenatis neque eget posuere eget, vel natoque sit justo, sit nibh pede porttitor ipsum, sem tincidunt",For revision
20029,10003,"dignissim odio, nulla a",Approved
20029,10004,"Nullam ligula in, maecenas imperdiet in consequat iaculis, magna porttitor sem diam nec",For revision
20030,10002,"mi nisl, ac sed lectus vitae in a dolor. Hac nam ut, sed ut quis, gravida dolor vestibulum",For revision
20030,10007,Lorem ipsum dolor sit amet,Denied
20030,10009,"sodales semper, tempor malesuada sem leo",For revision
20031,10011,"Vestibulum est ligula turpis maecenas. Id non a enim, varius ut per. Interdum neque cras fermentum erat. Tincidunt imperdiet praesent sit commodo cras",Approved
20031,10015,"�id libero neque id wisi sit, aliquet scelerisque in. Ligula dignissim, turpis cras, nam massa",Denied
20031,10016,"mi nullam wisi, ipsum cras dapibus ut ut. Et libero sollicitudin donec vitae lacus",For revision
20032,10001,"justo eu adipiscing vivamus in mi vitae, elit sed, nisl mattis rutrum malesuada, pharetra dolor amet donec",Approved
20032,10022,"Nunc quisque, odio sollicitudin eu convallis posuere eget, lorem massa etiam est ullamcorper dignissim, augue pellentesque vestibulum quam, amet ipsum in sed.",Approved
20032,10023,"A venenatis neque eget posuere eget, vel natoque sit justo, sit nibh pede porttitor ipsum, sem tincidunt",Denied
20033,10012,"dignissim odio, nulla a",For revision
20033,10015,"Nullam ligula in, maecenas imperdiet in consequat iaculis, magna porttitor sem diam nec",For revision
20033,10008,"mi nisl, ac sed lectus vitae in a dolor. Hac nam ut, sed ut quis, gravida dolor vestibulum",Denied
20034,10002,Lorem ipsum dolor sit amet,Denied
20034,10003,"sodales semper, tempor malesuada sem leo",Denied
20034,10004,"Vestibulum est ligula turpis maecenas. Id non a enim, varius ut per. Interdum neque cras fermentum erat. Tincidunt imperdiet praesent sit commodo cras",For revision
20035,10003,"�id libero neque id wisi sit, aliquet scelerisque in. Ligula dignissim, turpis cras, nam massa",Denied
20035,10004,"mi nullam wisi, ipsum cras dapibus ut ut. Et libero sollicitudin donec vitae lacus",Denied
20035,10005,"justo eu adipiscing vivamus in mi vitae, elit sed, nisl mattis rutrum malesuada, pharetra dolor amet donec",Approved
20036,10005,"Nunc quisque, odio sollicitudin eu convallis posuere eget, lorem massa etiam est ullamcorper dignissim, augue pellentesque vestibulum quam, amet ipsum in sed.",Approved
20036,10006,"A venenatis neque eget posuere eget, vel natoque sit justo, sit nibh pede porttitor ipsum, sem tincidunt",Approved
20036,10007,"dignissim odio, nulla a",For revision
20037,10011,"Nullam ligula in, maecenas imperdiet in consequat iaculis, magna porttitor sem diam nec",Denied
20037,10012,"mi nisl, ac sed lectus vitae in a dolor. Hac nam ut, sed ut quis, gravida dolor vestibulum",Denied
20037,10013,Lorem ipsum dolor sit amet,Denied
20038,10001,"sodales semper, tempor malesuada sem leo",Approved
20038,10002,"Vestibulum est ligula turpis maecenas. Id non a enim, varius ut per. Interdum neque cras fermentum erat. Tincidunt imperdiet praesent sit commodo cras",Approved
20038,10003,"�id libero neque id wisi sit, aliquet scelerisque in. Ligula dignissim, turpis cras, nam massa",Approved
20039,10009,"mi nullam wisi, ipsum cras dapibus ut ut. Et libero sollicitudin donec vitae lacus",For revision
20039,10010,"justo eu adipiscing vivamus in mi vitae, elit sed, nisl mattis rutrum malesuada, pharetra dolor amet donec",Approved
20039,10011,"Nunc quisque, odio sollicitudin eu convallis posuere eget, lorem massa etiam est ullamcorper dignissim, augue pellentesque vestibulum quam, amet ipsum in sed.",For revision
20040,10002,"A venenatis neque eget posuere eget, vel natoque sit justo, sit nibh pede porttitor ipsum, sem tincidunt",For revision
20040,10003,"dignissim odio, nulla a",Denied
20040,10004,"Nullam ligula in, maecenas imperdiet in consequat iaculis, magna porttitor sem diam nec",For revision
20041,10002,"mi nisl, ac sed lectus vitae in a dolor. Hac nam ut, sed ut quis, gravida dolor vestibulum",Approved
20041,10007,Lorem ipsum dolor sit amet,Denied
20041,10009,"sodales semper, tempor malesuada sem leo",For revision
20042,10011,"Vestibulum est ligula turpis maecenas. Id non a enim, varius ut per. Interdum neque cras fermentum erat. Tincidunt imperdiet praesent sit commodo cras",Approved
20042,10015,"�id libero neque id wisi sit, aliquet scelerisque in. Ligula dignissim, turpis cras, nam massa",Approved
20042,10016,"mi nullam wisi, ipsum cras dapibus ut ut. Et libero sollicitudin donec vitae lacus",Denied
20043,10001,"justo eu adipiscing vivamus in mi vitae, elit sed, nisl mattis rutrum malesuada, pharetra dolor amet donec",For revision
20043,10022,"Nunc quisque, odio sollicitudin eu convallis posuere eget, lorem massa etiam est ullamcorper dignissim, augue pellentesque vestibulum quam, amet ipsum in sed.",For revision
20043,10023,"A venenatis neque eget posuere eget, vel natoque sit justo, sit nibh pede porttitor ipsum, sem tincidunt",Denied
20044,10012,"dignissim odio, nulla a",Denied
20044,10015,"Nullam ligula in, maecenas imperdiet in consequat iaculis, magna porttitor sem diam nec",Denied
20044,10008,"mi nisl, ac sed lectus vitae in a dolor. Hac nam ut, sed ut quis, gravida dolor vestibulum",For revision
20045,10002,Lorem ipsum dolor sit amet,Denied
20045,10003,"sodales semper, tempor malesuada sem leo",Denied
20045,10004,"Vestibulum est ligula turpis maecenas. Id non a enim, varius ut per. Interdum neque cras fermentum erat. Tincidunt imperdiet praesent sit commodo cras",Approved
20046,10003,"�id libero neque id wisi sit, aliquet scelerisque in. Ligula dignissim, turpis cras, nam massa",Approved
20046,10004,"mi nullam wisi, ipsum cras dapibus ut ut. Et libero sollicitudin donec vitae lacus",Approved
20046,10005,"justo eu adipiscing vivamus in mi vitae, elit sed, nisl mattis rutrum malesuada, pharetra dolor amet donec",For revision
20047,10005,"Nunc quisque, odio sollicitudin eu convallis posuere eget, lorem massa etiam est ullamcorper dignissim, augue pellentesque vestibulum quam, amet ipsum in sed.",Denied
20047,10006,"A venenatis neque eget posuere eget, vel natoque sit justo, sit nibh pede porttitor ipsum, sem tincidunt",Denied
20047,10007,"dignissim odio, nulla a",Denied
20048,10011,"Nullam ligula in, maecenas imperdiet in consequat iaculis, magna porttitor sem diam nec",Approved
20048,10012,"mi nisl, ac sed lectus vitae in a dolor. Hac nam ut, sed ut quis, gravida dolor vestibulum",Approved
20048,10013,Lorem ipsum dolor sit amet,Approved
20049,10001,"sodales semper, tempor malesuada sem leo",For revision
20049,10002,"Vestibulum est ligula turpis maecenas. Id non a enim, varius ut per. Interdum neque cras fermentum erat. Tincidunt imperdiet praesent sit commodo cras",Approved
20049,10003,"�id libero neque id wisi sit, aliquet scelerisque in. Ligula dignissim, turpis cras, nam massa",Approved
20050,10009,"mi nullam wisi, ipsum cras dapibus ut ut. Et libero sollicitudin donec vitae lacus",Approved
20050,10010,"justo eu adipiscing vivamus in mi vitae, elit sed, nisl mattis rutrum malesuada, pharetra dolor amet donec",Approved
20050,10011,"Nunc quisque, odio sollicitudin eu convallis posuere eget, lorem massa etiam est ullamcorper dignissim, augue pellentesque vestibulum quam, amet ipsum in sed.",Approved
20051,10006,Good good,Approved
20051,10029,Bad...bad,Approved
20051,10013,Good good,Approved
20052,10028,Good good,Approved
20052,10001,Bad...bad,Approved
20052,10002,Good good,Approved
20053,10027,Good good,Approved
20053,10018,Bad...bad,Approved
20053,10004,Good good,Approved
20054,10012,Good good,Approved
20054,10018,Bad...bad,Approved
20054,10018,Good good,Approved
20055,10006,Good good,Approved
20055,10017,Bad...bad,Approved
20055,10012,Good good,Approved
20056,10006,Good good,Approved
20056,10001,Bad...bad,Approved
20056,10006,Good good,Approved
20057,10002,Good good,Approved
20057,10002,Bad...bad,Approved
20057,10010,Good good,Approved
20058,10007,Good good,Approved
20058,10005,Bad...bad,Approved
20058,10003,Good good,Approved
20059,10005,Good good,Approved
20059,10016,Bad...bad,Approved
20059,10011,Good good,Approved
20060,10004,Good good,Approved
20060,10013,Bad...bad,Approved
20060,10004,Good good,Approved
20061,10005,Good good,Approved
20061,10001,Bad...bad,Approved
20061,10015,Good good,Approved
20062,10020,Good good,Approved
20062,10016,Bad...bad,Approved
20062,10022,Good good,Approved
20063,10025,Good good,Approved
20063,10009,Bad...bad,Approved
20063,10015,Good good,Approved
20064,10003,Good good,Approved
20064,10014,Bad...bad,Approved
20064,10010,Good good,Approved
20065,10029,Good good,Approved
20065,10026,Bad...bad,Approved
20065,10012,Good good,Approved
20066,10025,Good good,Approved
20066,10015,Bad...bad,Approved
20066,10018,Good good,Approved
20067,10019,Good good,Approved
20067,10018,Bad...bad,Approved
20067,10015,Good good,Approved
20068,10011,Good good,Approved
20068,10001,Bad...bad,Approved
20068,10002,Good good,Approved
20069,10016,Good good,Approved
20069,10025,Bad...bad,Approved
20069,10013,Good good,Approved
20070,10015,Good good,Approved
20070,10005,Bad...bad,Approved
20070,10028,Good good,Approved
20071,10030,Good good,Approved
20071,10018,Bad...bad,Approved
20071,10001,Good good,Approved
20072,10011,Good good,Approved
20072,10029,Bad...bad,Approved
20072,10008,Good good,Approved
20073,10029,Good good,Approved
20073,10021,Bad...bad,Approved
20073,10024,Good good,Approved
20074,10024,Good good,Approved
20074,10018,Bad...bad,Approved
20074,10007,Good good,Approved
20075,10001,Good good,Approved
20075,10012,Bad...bad,Approved
20075,10006,Good good,Approved
20076,10014,Good good,Approved
20076,10028,Bad...bad,Approved
20076,10010,Good good,Approved
20077,10029,Good good,Approved
20077,10018,Bad...bad,Approved
20077,10014,Good good,Approved
20078,10008,Good good,Approved
20078,10003,Bad...bad,Approved
20078,10006,Good good,Approved
20079,10011,Good good,Approved
20079,10008,Bad...bad,Approved
20079,10006,Good good,Approved
20080,10010,Good good,Approved
20080,10026,Bad...bad,Approved
20080,10009,Good good,Approved
20081,10021,Good good,Approved
20081,10026,Bad...bad,Approved
20081,10003,Good good,Approved
20082,10012,Good good,Approved
20082,10001,Bad...bad,Approved
20082,10010,Good good,Approved
20083,10011,Good good,Approved
20083,10007,Bad...bad,Approved
20083,10010,Good good,Approved
20084,10023,Good good,Approved
20084,10028,Bad...bad,Approved
20084,10018,Good good,Approved
20085,10005,Good good,Approved
20085,10010,Bad...bad,Approved
20085,10003,Good good,Approved
20086,10005,Good good,Approved
20086,10020,Bad...bad,Approved
20086,10021,Good good,Approved
20087,10008,Good good,Approved
20087,10022,Bad...bad,Approved
20087,10020,Good good,Approved
20088,10018,Good good,Approved
20088,10020,Bad...bad,Approved
20088,10006,Good good,Approved
20089,10018,Good good,Approved
20089,10001,Bad...bad,Approved
20089,10012,Good good,Approved
20090,10006,Good good,Approved
20090,10008,Bad...bad,Approved
20090,10003,Good good,Approved
20091,10014,Good good,Approved
20091,10026,Bad...bad,Approved
20091,10008,Good good,Approved
20092,10021,Good good,Approved
20092,10027,Bad...bad,Approved
20092,10026,Good good,Approved
20093,10029,Good good,Approved
20093,10028,Bad...bad,Approved
20093,10021,Good good,Approved
20094,10020,Good good,Approved
20094,10006,Bad...bad,Approved
20094,10007,Good good,Approved
20095,10002,Good good,Approved
20095,10006,Bad...bad,Approved
20095,10001,Good good,Approved
20096,10030,Good good,Approved
20096,10018,Bad...bad,Approved
20096,10008,Good good,Approved
20097,10030,Good good,Approved
20097,10010,Bad...bad,Approved
20097,10022,Good good,Approved
20098,10028,Good good,Approved
20098,10010,Bad...bad,Approved
20098,10014,Good good,Approved
20099,10014,Good good,Approved
20099,10027,Bad...bad,Approved
20099,10013,Good good,Approved
20100,10009,Good good,Approved
20100,10002,Bad...bad,Approved
20100,10003,Good good,Approved
20101,10008,Good good,Approved
20101,10028,Bad...bad,Approved
20101,10009,Good good,Approved
20102,10023,Good good,Approved
20102,10012,Bad...bad,Approved
20102,10005,Good good,Approved
20103,10011,Good good,Approved
20103,10019,Bad...bad,Approved
20103,10010,Good good,Approved
20104,10018,Good good,Approved
20104,10024,Bad...bad,Approved
20104,10020,Good good,Approved
20105,10009,Good good,Approved
20105,10010,Bad...bad,Approved
20105,10024,Good good,Approved
20106,10011,Good good,Approved
20106,10006,Bad...bad,Approved
20106,10024,Good good,Approved
20107,10022,Good good,Approved
20107,10010,Bad...bad,Approved
20107,10012,Good good,Approved
20108,10011,Good good,Approved
20108,10005,Bad...bad,Approved
20108,10008,Good good,Approved
20109,10002,Good good,Approved
20109,10012,Bad...bad,Approved
20109,10014,Good good,Approved
20110,10013,Good good,Approved
20110,10009,Bad...bad,Approved
20110,10025,Good good,Approved
20111,10026,Good good,Approved
20111,10019,Bad...bad,Approved
20111,10018,Good good,Approved
20112,10020,Good good,Approved
20112,10002,Bad...bad,Approved
20112,10030,Good good,Approved
20113,10019,Good good,Approved
20113,10002,Bad...bad,Approved
20113,10019,Good good,Approved
20114,10029,Good good,Approved
20114,10001,Bad...bad,Approved
20114,10016,Good good,Approved
20115,10023,Good good,Approved
20115,10021,Bad...bad,Approved
20115,10027,Good good,Approved
20116,10030,Good good,Approved
20116,10012,Bad...bad,Approved
20116,10028,Good good,Approved
20117,10014,Good good,Approved
20117,10024,Bad...bad,Approved
20117,10029,Good good,Approved
20118,10021,Good good,Approved
20118,10001,Bad...bad,Approved
20118,10012,Good good,Approved
20119,10001,Good good,Approved
20119,10008,Bad...bad,Approved
20119,10020,Good good,Approved
20120,10016,Good good,Approved
20120,10001,Bad...bad,Approved
20120,10029,Good good,Approved
20121,10028,Good good,Approved
20121,10020,Bad...bad,Approved
20121,10013,Good good,Approved
20122,10009,Good good,Approved
20122,10012,Bad...bad,Approved
20122,10020,Good good,Approved
20123,10007,Good good,Approved
20123,10004,Bad...bad,Approved
20123,10008,Good good,Approved
20124,10009,Good good,Approved
20124,10029,Bad...bad,Approved
20124,10014,Good good,Approved
20125,10001,Good good,Approved
20125,10019,Bad...bad,Approved
20125,10020,Good good,Approved
20126,10015,Good good,Approved
20126,10026,Bad...bad,Approved
20126,10011,Good good,Approved
20127,10008,Good good,Approved
20127,10020,Bad...bad,Approved
20127,10008,Good good,Approved
20128,10009,Good good,Approved
20128,10028,Bad...bad,Approved
20128,10009,Good good,Approved
20129,10026,Good good,Approved
20129,10030,Bad...bad,Approved
20129,10018,Good good,Approved
20130,10028,Good good,Approved
20130,10008,Bad...bad,Approved
20130,10010,Good good,Approved
20131,10015,Good good,Approved
20131,10029,Bad...bad,Approved
20131,10024,Good good,Approved
20132,10019,Good good,Approved
20132,10030,Bad...bad,Approved
20132,10007,Good good,Approved
20133,10003,Good good,Approved
20133,10028,Bad...bad,Approved
20133,10016,Good good,Approved
20134,10001,Good good,Approved
20134,10014,Bad...bad,Approved
20134,10011,Good good,Approved
20135,10025,Good good,Approved
20135,10016,Bad...bad,Approved
20135,10026,Good good,Approved
20136,10001,Good good,Approved
20136,10009,Bad...bad,Approved
20136,10002,Good good,Approved
20137,10009,Good good,Approved
20137,10008,Bad...bad,Approved
20137,10005,Good good,Approved
20138,10001,Good good,Approved
20138,10006,Bad...bad,Approved
20138,10023,Good good,Approved
20139,10003,Good good,Approved
20139,10008,Bad...bad,Approved
20139,10014,Good good,Approved
20140,10018,Good good,Approved
20140,10005,Bad...bad,Approved
20140,10009,Good good,Approved
20141,10002,Good good,Approved
20141,10026,Bad...bad,Approved
20141,10010,Good good,Approved
20142,10023,Good good,Approved
20142,10022,Bad...bad,Approved
20142,10020,Good good,Approved
20143,10021,Good good,Approved
20143,10020,Bad...bad,Approved
20143,10009,Good good,Approved
20144,10030,Good good,Approved
20144,10016,Bad...bad,Approved
20144,10023,Good good,Approved
20145,10003,Good good,Approved
20145,10011,Bad...bad,Approved
20145,10001,Good good,Approved
20146,10026,Good good,Approved
20146,10019,Bad...bad,Approved
20146,10004,Good good,Approved
20147,10006,Good good,Approved
20147,10006,Bad...bad,Approved
20147,10021,Good good,Approved
20148,10002,Good good,Approved
20148,10029,Bad...bad,Approved
20148,10014,Good good,Approved
20149,10020,Good good,Approved
20149,10030,Bad...bad,Approved
20149,10008,Good good,Approved
20150,10014,Good good,Approved
20150,10002,Bad...bad,Approved
20150,10001,Good good,Approved
20151,10030,Good good,Approved
20151,10028,Bad...bad,Approved
20151,10020,Good good,Approved
20152,10024,Good good,Approved
20152,10025,Bad...bad,Approved
20152,10020,Good good,Approved
20153,10011,Good good,Approved
20153,10028,Bad...bad,Approved
20153,10019,Good good,Approved
20154,10028,Good good,Approved
20154,10026,Bad...bad,Approved
20154,10011,Good good,Approved
20155,10018,Good good,Approved
20155,10018,Bad...bad,Approved
20155,10023,Good good,Approved
20156,10005,Good good,Approved
20156,10016,Bad...bad,Approved
20156,10002,Good good,Approved
20157,10002,Good good,Approved
20157,10009,Bad...bad,Approved
20157,10027,Good good,Approved
20158,10011,Good good,Approved
20158,10010,Bad...bad,Approved
20158,10020,Good good,Approved
20159,10020,Good good,Approved
20159,10005,Bad...bad,Approved
20159,10015,Good good,Approved
20160,10017,Good good,Approved
20160,10022,Bad...bad,Approved
20160,10026,Good good,Approved
20161,10020,Good good,Approved
20161,10015,Bad...bad,Approved
20161,10019,Good good,Approved
20162,10016,Good good,Approved
20162,10029,Bad...bad,Approved
20162,10015,Good good,Approved
20163,10021,Good good,Approved
20163,10027,Bad...bad,Approved
20163,10023,Good good,Approved
20164,10017,Good good,Approved
20164,10018,Bad...bad,Approved
20164,10020,Good good,Approved
20165,10024,Good good,Approved
20165,10025,Bad...bad,Approved
20165,10010,Good good,Approved
20166,10003,Good good,Approved
20166,10016,Bad...bad,Approved
20166,10014,Good good,Approved
20167,10028,Good good,Approved
20167,10019,Bad...bad,Approved
20167,10012,Good good,Approved
20168,10027,Good good,Approved
20168,10008,Bad...bad,Approved
20168,10012,Good good,Approved
20169,10006,Good good,Approved
20169,10018,Bad...bad,Approved
20169,10024,Good good,Approved
20170,10001,Good good,Approved
20170,10012,Bad...bad,Approved
20170,10027,Good good,Approved
20171,10006,Good good,Approved
20171,10030,Bad...bad,Approved
20171,10002,Good good,Approved
20172,10009,Good good,Approved
20172,10013,Bad...bad,Approved
20172,10024,Good good,Approved
20173,10016,Good good,Approved
20173,10007,Bad...bad,Approved
20173,10002,Good good,Approved
20174,10019,Good good,Approved
20174,10006,Bad...bad,Approved
20174,10022,Good good,Approved
20175,10028,Good good,Approved
20175,10024,Bad...bad,Approved
20175,10029,Good good,Approved
20176,10027,Good good,Approved
20176,10012,Bad...bad,Approved
20176,10030,Good good,Approved
20177,10028,Good good,Approved
20177,10015,Bad...bad,Approved
20177,10012,Good good,Approved
20178,10003,Good good,Approved
20178,10016,Bad...bad,Approved
20178,10002,Good good,Approved
20179,10011,Good good,Approved
20179,10013,Bad...bad,Approved
20179,10030,Good good,Approved
20180,10022,Good good,Approved
20180,10001,Bad...bad,Approved
20180,10005,Good good,Approved
20181,10014,Good good,Approved
20181,10010,Bad...bad,Approved
20181,10004,Good good,Approved
20182,10022,Good good,Approved
20182,10016,Bad...bad,Approved
20182,10024,Good good,Approved
20183,10021,Good good,Approved
20183,10002,Bad...bad,Approved
20183,10023,Good good,Approved
20184,10024,Good good,Approved
20184,10024,Bad...bad,Approved
20184,10023,Good good,Approved
20185,10013,Good good,Approved
20185,10007,Bad...bad,Approved
20185,10008,Good good,Approved
20186,10006,Good good,Approved
20186,10021,Bad...bad,Approved
20186,10009,Good good,Approved
20187,10029,Good good,Approved
20187,10028,Bad...bad,Approved
20187,10028,Good good,Approved
20188,10006,Good good,Approved
20188,10026,Bad...bad,Approved
20188,10013,Good good,Approved
20189,10007,Good good,Approved
20189,10015,Bad...bad,Approved
20189,10030,Good good,Approved
20190,10024,Good good,Approved
20190,10012,Bad...bad,Approved
20190,10011,Good good,Approved
20191,10021,Good good,Approved
20191,10021,Bad...bad,Approved
20191,10009,Good good,Approved
20192,10006,Good good,Approved
20192,10005,Bad...bad,Approved
20192,10021,Good good,Approved
20193,10026,Good good,Approved
20193,10005,Bad...bad,Approved
20193,10003,Good good,Approved
20194,10019,Good good,Approved
20194,10022,Bad...bad,Approved
20194,10001,Good good,Approved
20195,10027,Good good,Approved
20195,10005,Bad...bad,Approved
20195,10010,Good good,Approved
20196,10006,Good good,Approved
20196,10026,Bad...bad,Approved
20196,10016,Good good,Approved
20197,10009,Good good,Approved
20197,10021,Bad...bad,Approved
20197,10026,Good good,Approved
20198,10021,Good good,Approved
20198,10002,Bad...bad,Approved
20198,10015,Good good,Approved
20199,10018,Good good,Approved
20199,10019,Bad...bad,Approved
20199,10011,Good good,Approved
20200,10030,Good good,Approved
20200,10021,Bad...bad,Approved
20200,10025,Good good,Approved
20201,10016,Good good,Approved
20201,10016,Bad...bad,Approved
20201,10014,Good good,Approved
20202,10027,Good good,Approved
20202,10007,Bad...bad,Approved
20202,10030,Good good,Approved
20203,10030,Good good,Approved
20203,10019,Bad...bad,Approved
20203,10029,Good good,Approved
20204,10030,Good good,Approved
20204,10005,Bad...bad,Approved
20204,10005,Good good,Approved
20205,10001,Good good,Approved
20205,10003,Bad...bad,Approved
20205,10014,Good good,Approved
20206,10014,Good good,Approved
20206,10006,Bad...bad,Approved
20206,10030,Good good,Approved
20207,10013,Good good,Approved
20207,10029,Bad...bad,Approved
20207,10027,Good good,Approved
20208,10017,Good good,Approved
20208,10019,Bad...bad,Approved
20208,10008,Good good,Approved
20209,10030,Good good,Approved
20209,10018,Bad...bad,Approved
20209,10015,Good good,Approved
20210,10004,Good good,Approved
20210,10017,Bad...bad,Approved
20210,10017,Good good,Approved
20211,10030,Good good,Approved
20211,10021,Bad...bad,Approved
20211,10021,Good good,Approved
20212,10012,Good good,Approved
20212,10017,Bad...bad,Approved
20212,10021,Good good,Approved
20213,10026,Good good,Approved
20213,10006,Bad...bad,Approved
20213,10023,Good good,Approved
20214,10009,Good good,Approved
20214,10029,Bad...bad,Approved
20214,10013,Good good,Approved
20215,10022,Good good,Approved
20215,10014,Bad...bad,Approved
20215,10030,Good good,Approved
20216,10019,Good good,Approved
20216,10010,Bad...bad,Approved
20216,10017,Good good,Approved
20217,10001,Good good,Approved
20217,10013,Bad...bad,Approved
20217,10012,Good good,Approved
20218,10015,Good good,Approved
20218,10004,Bad...bad,Approved
20218,10019,Good good,Approved
20219,10005,Good good,Approved
20219,10021,Bad...bad,Approved
20219,10005,Good good,Approved
20220,10017,Good good,Approved
20220,10027,Bad...bad,Approved
20220,10005,Good good,Approved
20221,10028,Good good,Approved
20221,10027,Bad...bad,Approved
20221,10008,Good good,Approved
20222,10030,Good good,Approved
20222,10019,Bad...bad,Approved
20222,10009,Good good,Approved
20223,10005,Good good,Approved
20223,10010,Bad...bad,Approved
20223,10014,Good good,Approved
20224,10004,Good good,Approved
20224,10005,Bad...bad,Approved
20224,10029,Good good,Approved
20225,10025,Good good,Approved
20225,10006,Bad...bad,Approved
20225,10021,Good good,Approved
20226,10006,Good good,Approved
20226,10024,Bad...bad,Approved
20226,10013,Good good,Approved
20227,10026,Good good,Approved
20227,10011,Bad...bad,Approved
20227,10013,Good good,Approved
20228,10008,Good good,Approved
20228,10011,Bad...bad,Approved
20228,10015,Good good,Approved
20229,10029,Good good,Approved
20229,10020,Bad...bad,Approved
20229,10020,Good good,Approved
20230,10001,Good good,Approved
20230,10030,Bad...bad,Approved
20230,10023,Good good,Approved
20231,10028,Good good,Approved
20231,10013,Bad...bad,Approved
20231,10009,Good good,Approved
20232,10028,Good good,Approved
20232,10005,Bad...bad,Approved
20232,10030,Good good,Approved
20233,10015,Good good,Approved
20233,10021,Bad...bad,Approved
20233,10024,Good good,Approved
20234,10005,Good good,Approved
20234,10019,Bad...bad,Approved
20234,10010,Good good,Approved
20235,10028,Good good,Approved
20235,10012,Bad...bad,Approved
20235,10001,Good good,Approved
20236,10004,Good good,Approved
20236,10029,Bad...bad,Approved
20236,10023,Good good,Approved
20237,10005,Good good,Approved
20237,10006,Bad...bad,Approved
20237,10019,Good good,Approved
20238,10007,Good good,Approved
20238,10008,Bad...bad,Approved
20238,10008,Good good,Approved
20239,10023,Good good,Approved
20239,10004,Bad...bad,Approved
20239,10024,Good good,Approved
20240,10009,Good good,Approved
20240,10005,Bad...bad,Approved
20240,10005,Good good,Approved
20241,10008,Good good,Approved
20241,10026,Bad...bad,Approved
20241,10016,Good good,Approved
20242,10028,Good good,Approved
20242,10022,Bad...bad,Approved
20242,10014,Good good,Approved
20243,10005,Good good,Approved
20243,10030,Bad...bad,Approved
20243,10020,Good good,Approved
20244,10011,Good good,Approved
20244,10013,Bad...bad,Approved
20244,10029,Good good,Approved
20245,10007,Good good,Approved
20245,10010,Bad...bad,Approved
20245,10021,Good good,Approved
20246,10030,Good good,Approved
20246,10020,Bad...bad,Approved
20246,10010,Good good,Approved
20247,10009,Good good,Approved
20247,10022,Bad...bad,Approved
20247,10024,Good good,Approved
20248,10010,Good good,Approved
20248,10026,Bad...bad,Approved
20248,10028,Good good,Approved
20249,10007,Good good,Approved
20249,10004,Bad...bad,Approved
20249,10003,Good good,Approved
20250,10022,Good good,Approved
20250,10022,Bad...bad,Approved
20250,10013,Good good,Approved
20251,10022,Good good,Approved
20251,10023,Bad...bad,Approved
20251,10023,Good good,Approved
20252,10027,Good good,Approved
20252,10005,Bad...bad,Approved
20252,10012,Good good,Approved
20253,10014,Good good,Approved
20253,10029,Bad...bad,Approved
20253,10014,Good good,Approved
20254,10018,Good good,Approved
20254,10010,Bad...bad,Approved
20254,10023,Good good,Approved
20255,10028,Good good,Approved
20255,10015,Bad...bad,Approved
20255,10024,Good good,Approved
20256,10016,Good good,Approved
20256,10012,Bad...bad,Approved
20256,10016,Good good,Approved
20257,10023,Good good,Approved
20257,10030,Bad...bad,Approved
20257,10029,Good good,Approved
20258,10009,Good good,Approved
20258,10023,Bad...bad,Approved
20258,10021,Good good,Approved
20259,10020,Good good,Approved
20259,10006,Bad...bad,Approved
20259,10010,Good good,Approved
20260,10017,Good good,Approved
20260,10016,Bad...bad,Approved
20260,10024,Good good,Approved
20261,10030,Good good,Approved
20261,10003,Bad...bad,Approved
20261,10014,Good good,Approved
20262,10022,Good good,Approved
20262,10005,Bad...bad,Approved
20262,10016,Good good,Approved
20263,10012,Good good,Approved
20263,10019,Bad...bad,Approved
20263,10028,Good good,Approved
20264,10023,Good good,Approved
20264,10007,Bad...bad,Approved
20264,10001,Good good,Approved
20265,10002,Good good,Approved
20265,10012,Bad...bad,Approved
20265,10005,Good good,Approved
20266,10026,Good good,Approved
20266,10024,Bad...bad,Approved
20266,10007,Good good,Approved
20267,10014,Good good,Approved
20267,10022,Bad...bad,Approved
20267,10026,Good good,Approved
20268,10010,Good good,Approved
20268,10014,Bad...bad,Approved
20268,10016,Good good,Approved
20269,10025,Good good,Approved
20269,10009,Bad...bad,Approved
20269,10030,Good good,Approved
20270,10028,Good good,Approved
20270,10019,Bad...bad,Approved
20270,10022,Good good,Approved
20271,10007,Good good,Approved
20271,10010,Bad...bad,Approved
20271,10024,Good good,Approved
20272,10004,Good good,Approved
20272,10013,Bad...bad,Approved
20272,10026,Good good,Approved
20273,10019,Good good,Approved
20273,10019,Bad...bad,Approved
20273,10012,Good good,Approved
20274,10020,Good good,Approved
20274,10012,Bad...bad,Approved
20274,10029,Good good,Approved
20275,10020,Good good,Approved
20275,10027,Bad...bad,Approved
20275,10019,Good good,Approved
20276,10006,Good good,Approved
20276,10002,Bad...bad,Approved
20276,10012,Good good,Approved
20277,10018,Good good,Approved
20277,10019,Bad...bad,Approved
20277,10029,Good good,Approved
20278,10024,Good good,Approved
20278,10005,Bad...bad,Approved
20278,10005,Good good,Approved
20279,10003,Good good,Approved
20279,10013,Bad...bad,Approved
20279,10023,Good good,Approved
20280,10028,Good good,Approved
20280,10015,Bad...bad,Approved
20280,10003,Good good,Approved
20281,10016,Good good,Approved
20281,10028,Bad...bad,Approved
20281,10012,Good good,Approved
20282,10019,Good good,Approved
20282,10028,Bad...bad,Approved
20282,10026,Good good,Approved
20283,10020,Good good,Approved
20283,10020,Bad...bad,Approved
20283,10013,Good good,Approved
20284,10001,Good good,Approved
20284,10020,Bad...bad,Approved
20284,10012,Good good,Approved
20285,10002,Good good,Approved
20285,10024,Bad...bad,Approved
20285,10024,Good good,Approved
20286,10029,Good good,Approved
20286,10009,Bad...bad,Approved
20286,10021,Good good,Approved
20287,10012,Good good,Approved
20287,10024,Bad...bad,Approved
20287,10023,Good good,Approved
20288,10002,Good good,Approved
20288,10002,Bad...bad,Approved
20288,10011,Good good,Approved
20289,10007,Good good,Approved
20289,10017,Bad...bad,Approved
20289,10028,Good good,Approved
20290,10010,Good good,Approved
20290,10018,Bad...bad,Approved
20290,10027,Good good,Approved
20291,10005,Good good,Approved
20291,10026,Bad...bad,Approved
20291,10014,Good good,Approved
20292,10021,Good good,Approved
20292,10011,Bad...bad,Approved
20292,10030,Good good,Approved
20293,10018,Good good,Approved
20293,10030,Bad...bad,Approved
20293,10004,Good good,Approved
20294,10025,Good good,Approved
20294,10023,Bad...bad,Approved
20294,10026,Good good,Approved
20295,10006,Good good,Approved
20295,10027,Bad...bad,Approved
20295,10019,Good good,Approved
20296,10022,Good good,Approved
20296,10025,Bad...bad,Approved
20296,10002,Good good,Approved
20297,10030,Good good,Approved
20297,10020,Bad...bad,Approved
20297,10010,Good good,Approved
20298,10021,Good good,Approved
20298,10013,Bad...bad,Approved
20298,10014,Good good,Approved
20299,10016,Good good,Approved
20299,10027,Bad...bad,Approved
20299,10014,Good good,Approved
20300,10005,Good good,Approved
20300,10015,Bad...bad,Approved
20300,10001,Good good,Approved
20301,10025,Good good,Approved
20301,10013,Bad...bad,Approved
20301,10009,Good good,Approved
20302,10019,Good good,Approved
20302,10011,Bad...bad,Approved
20302,10018,Good good,Approved
20303,10030,Good good,Approved
20303,10002,Bad...bad,Approved
20303,10013,Good good,Approved
20304,10024,Good good,Approved
20304,10002,Bad...bad,Approved
20304,10001,Good good,Approved
20305,10025,Good good,Approved
20305,10009,Bad...bad,Approved
20305,10011,Good good,Approved
20306,10011,Good good,Approved
20306,10019,Bad...bad,Approved
20306,10001,Good good,Approved
20307,10002,Good good,Approved
20307,10027,Bad...bad,Approved
20307,10010,Good good,Approved
20308,10014,Good good,Approved
20308,10010,Bad...bad,Approved
20309,10017,Good good,Approved
20309,10008,Good good,Approved
20309,10011,Bad...bad,Approved
20310,10024,Good good,Approved
20310,10021,Good good,Approved
20310,10017,Bad...bad,Approved
20311,10013,Good good,Approved
20311,10017,Good good,Approved
20311,10006,Bad...bad,Approved
20312,10020,Good good,Approved
20312,10002,Good good,Approved
20312,10029,Bad...bad,Approved
20313,10007,Good good,Approved
20313,10006,Good good,Approved
20313,10009,Bad...bad,Approved
20314,10028,Good good,Approved
20314,10021,Good good,Approved
20314,10016,Bad...bad,Approved
20315,10020,Good good,Approved
20315,10017,Good good,Approved
20315,10012,Bad...bad,Approved
20316,10029,Good good,Approved
20316,10012,Good good,Approved
20316,10017,Bad...bad,Approved
20317,10030,Good good,Approved
20317,10004,Good good,Approved
20317,10018,Bad...bad,Approved
20318,10010,Good good,Approved
20318,10014,Good good,Approved
20318,10012,Bad...bad,Approved
20319,10026,Good good,Approved
20319,10022,Good good,Approved
20319,10008,Bad...bad,Approved
20320,10020,Good good,Approved
20320,10015,Good good,Approved
20320,10011,Bad...bad,Approved
20321,10021,Good good,Approved
20321,10008,Good good,Approved
20321,10009,Bad...bad,Approved
20322,10015,Good good,Approved
20322,10019,Good good,Approved
20322,10026,Bad...bad,Approved
20323,10007,Good good,Approved
20323,10007,Good good,Approved
20323,10010,Bad...bad,Approved
20324,10023,Good good,Approved
20324,10018,Good good,Approved
20324,10005,Bad...bad,Approved
20325,10021,Good good,Approved
20325,10025,Good good,Approved
20325,10015,Bad...bad,Approved
20326,10007,Good good,Approved
20326,10020,Good good,Approved
20326,10026,Bad...bad,Approved
20327,10016,Good good,Approved
20327,10005,Good good,Approved
20327,10025,Bad...bad,Approved
20328,10023,Good good,Approved
20328,10018,Good good,Approved
20328,10003,Bad...bad,Approved
20329,10007,Good good,Approved
20329,10007,Good good,Approved
20329,10014,Bad...bad,Approved
20330,10018,Good good,Approved
20330,10028,Good good,Approved
20330,10004,Bad...bad,Approved
20331,10011,Good good,Approved
20331,10003,Good good,Approved
20331,10012,Bad...bad,Approved
20332,10018,Good good,Approved
20332,10004,Good good,Approved
20332,10009,Bad...bad,Approved
